<?xml version="1.0"?><TrackingData><Sensors>	<Sensor type="DummySensorSource">				<SensorID>DummySensor1</SensorID>		<SensorCOS>			<SensorCosID>DummyCos1</SensorCosID>			<Parameters>					<!-- The pose the dummy sensor source delivers-->				<Pose>					<Translation>						<x>0.0</x>						<y>0.0</y>						<z>0.0</z>					</Translation>					<Rotation>						<x>0.0</x>						<y>0.0</y>						<z>0.0</z>						<w>1</w>					</Rotation>				</Pose>			</Parameters>		</SensorCOS>		<SensorCOS>			<SensorCosID>DummyCos2</SensorCosID>			<Parameters>								<Pose>					<Translation>						<x>40.0</x>						<y>-40.0</y>						<z>-160.0</z>					</Translation>					<Rotation>						<x>0.707</x>						<y>0.0</y>						<z>0.0</z>						<w>0.707</w>					</Rotation>				</Pose>			</Parameters>		</SensorCOS>	</Sensor></Sensors>	<Connections>	<COS>		<Name>Cos1</Name>		<Fuser type="BestQualityFuser">			<Parameters></Parameters>		</Fuser>		<SensorSource trigger="1">			<SensorID>DummySensor1</SensorID>			<SensorCosID>DummyCos1</SensorCosID>			<HandEyeCalibration>				<TranslationOffset>					<x>0.0</x>					<y>0.0</y>					<z>0.0</z>				</TranslationOffset>				<RotationOffset>					<x>0.0</x>					<y>0.0</y>					<z>0.0</z>					<w>1.0</w>				</RotationOffset>			</HandEyeCalibration>			<COSOffset>				<TranslationOffset>					<x>0.0</x>					<y>0.0</y>					<z>0.0</z>				</TranslationOffset>				<RotationOffset>					<x>0.0</x>					<y>0.0</y>					<z>0.0</z>					<w>1.0</w>				</RotationOffset>			</COSOffset>		</SensorSource>	</COS>	<COS>		<Name>Cos2</Name>		<Fuser type="BestQualityFuser">			<Parameters></Parameters>		</Fuser>		<SensorSource trigger="1">			<SensorID>DummySensor1</SensorID>			<SensorCosID>DummyCos2</SensorCosID>			<HandEyeCalibration>				<TranslationOffset>					<x>0.0</x>					<y>0.0</y>					<z>0.0</z>				</TranslationOffset>				<RotationOffset>					<x>0.0</x>					<y>0.0</y>					<z>0.0</z>					<w>1.0</w>				</RotationOffset>			</HandEyeCalibration>			<COSOffset>				<TranslationOffset>					<x>0.0</x>					<y>0.0</y>					<z>0.0</z>				</TranslationOffset>				<RotationOffset>					<x>0.0</x>					<y>0.0</y>					<z>0.0</z>					<w>1.0</w>				</RotationOffset>			</COSOffset>		</SensorSource>	</COS></Connections></TrackingData>