<?xml version="1.0" encoding="UTF-8"?>
<results>
	<arel>tutorial.html</arel>
	<object id="1">
		<assets3d>
			<model>Assets/tiger.md2</model>
			<texture>Assets/tiger.png</texture>
			<transform>
				<translation>
					<x>0.0</x><y>0.0</y><z>0.0</z>
				</translation>
				<rotation type="eulerdeg">
					<x>0.0</x><y>0.0</y><z>0.0</z>
				</rotation>
				<scale>
					<x>8.0</x><y>8.0</y><z>8.0</z>
				</scale>
			</transform>
			<properties>
				<coordinatesystemid>1</coordinatesystemid>
			</properties>
		</assets3d>
	</object>
</results>